"AOU","alpha","common","group"
10,"WEGR","WESTERN GREBE","LoonIbis.csv"
11,"CLGR","CLARK'S GREBE","LoonIbis.csv"
12,"WCGR","WESTERN/CLARK'S GREBE","LoonIbis.csv"
20,"RNGR","RED-NECKED GREBE","LoonIbis.csv"
30,"HOGR","HORNED GREBE","LoonIbis.csv"
40,"EAGR","EARED GREBE","LoonIbis.csv"
50,"LEGR","LEAST GREBE","LoonIbis.csv"
60,"PBGR","PIED-BILLED GREBE","LoonIbis.csv"
70,"COLO","COMMON LOON","LoonIbis.csv"
80,"YBLO","YELLOW-BILLED LOON","LoonIbis.csv"
90,"ARLO","ARCTIC LOON","LoonIbis.csv"
100,"PALO","PACIFIC LOON","LoonIbis.csv"
110,"RTLO","RED-THROATED LOON","LoonIbis.csv"
120,"TUPU","TUFTED PUFFIN","GullAlcid.csv"
140,"HOPU","HORNED PUFFIN","GullAlcid.csv"
150,"RHAU","RHINOCEROS AUKLET","GullAlcid.csv"
160,"CAAU","CASSIN'S AUKLET","GullAlcid.csv"
210,"ANMU","ANCIENT MURRELET","GullAlcid.csv"
230,"MAMU","MARBLED MURRELET","GullAlcid.csv"
240,"KIMU","KITTLITZ'S MURRELET","GullAlcid.csv"
270,"BLGU","BLACK GUILLEMOT","GullAlcid.csv"
290,"PIGU","PIGEON GUILLEMOT","GullAlcid.csv"
300,"COMU","COMMON MURRE","GullAlcid.csv"
310,"TBMU","THICK-BILLED MURRE","GullAlcid.csv"
320,"RAZO","RAZORBILL","GullAlcid.csv"
360,"POJA","POMARINE JAEGER","GullAlcid.csv"
370,"PAJA","PARASITIC JAEGER","GullAlcid.csv"
380,"LTJA","LONG-TAILED JAEGER","GullAlcid.csv"
400,"BLKI","BLACK-LEGGED KITTIWAKE","GullAlcid.csv"
420,"GLGU","GLAUCOUS GULL","GullAlcid.csv"
430,"ICGU","ICELAND GULL","GullAlcid.csv"
440,"GWGU","GLAUCOUS-WINGED GULL","GullAlcid.csv"
470,"GBBG","GREAT BLACK-BACKED GULL","GullAlcid.csv"
480,"SBGU","SLATY-BACKED GULL","GullAlcid.csv"
490,"WEGU","WESTERN GULL","GullAlcid.csv"
510,"HERG","HERRING GULL","GullAlcid.csv"
530,"CAGU","CALIFORNIA GULL","GullAlcid.csv"
534,"UNGU","UNIDENTIFIED GULL","GullAlcid.csv"
540,"RBGU","RING-BILLED GULL","GullAlcid.csv"
550,"MEGU","MEW GULL","GullAlcid.csv"
551,"BHGU","BLACK-HEADED GULL","GullAlcid.csv"
570,"HEEG","HEERMANN'S GULL","GullAlcid.csv"
580,"LAGU","LAUGHING GULL","GullAlcid.csv"
590,"FRGU","FRANKLIN'S GULL","GullAlcid.csv"
600,"BOGU","BONAPARTE'S GULL","GullAlcid.csv"
610,"ROGU","ROSS'S GULL","GullAlcid.csv"
620,"SAGU","SABINE'S GULL","GullAlcid.csv"
630,"GBTE","GULL-BILLED TERN","GullAlcid.csv"
640,"CATE","CASPIAN TERN","GullAlcid.csv"
650,"ROYT","ROYAL TERN","GullAlcid.csv"
660,"ELTE","ELEGANT TERN","GullAlcid.csv"
670,"SATE","SANDWICH TERN","GullAlcid.csv"
690,"FOTE","FORSTER'S TERN","GullAlcid.csv"
700,"COTE","COMMON TERN","GullAlcid.csv"
710,"ARTE","ARCTIC TERN","GullAlcid.csv"
720,"ROST","ROSEATE TERN","GullAlcid.csv"
730,"ALTE","ALEUTIAN TERN","GullAlcid.csv"
740,"LETE","LEAST TERN","GullAlcid.csv"
770,"BLTE","BLACK TERN","GullAlcid.csv"
800,"BLSK","BLACK SKIMMER","GullAlcid.csv"
860,"NOFU","NORTHERN FULMAR","LoonIbis.csv"
880,"COSH","CORY'S SHEARWATER","LoonIbis.csv"
900,"MASH","MANX SHEARWATER","LoonIbis.csv"
1060,"LHSP","LEACH'S STORM-PETREL","LoonIbis.csv"
1140,"MABO","MASKED BOOBY","LoonIbis.csv"
1141,"BFBO","BLUE-FOOTED BOOBY","LoonIbis.csv"
1150,"BRBO","BROWN BOOBY","LoonIbis.csv"
1170,"NOGA","NORTHERN GANNET","LoonIbis.csv"
1180,"ANHI","ANHINGA","LoonIbis.csv"
1190,"GRCO","GREAT CORMORANT","LoonIbis.csv"
1200,"DCCO","DOUBLE-CRESTED CORMORANT","LoonIbis.csv"
1210,"NECO","NEOTROPIC CORMORANT","LoonIbis.csv"
1220,"BRAC","BRANDT'S CORMORANT","LoonIbis.csv"
1230,"PECO","PELAGIC CORMORANT","LoonIbis.csv"
1250,"AWPE","AMERICAN WHITE PELICAN","LoonIbis.csv"
1260,"BRPE","BROWN PELICAN","LoonIbis.csv"
1280,"MAFR","MAGNIFICENT FRIGATEBIRD","LoonIbis.csv"
1290,"COME","COMMON MERGANSER","Waterfowl.csv"
1300,"RBME","RED-BREASTED MERGANSER","Waterfowl.csv"
1310,"HOME","HOODED MERGANSER","Waterfowl.csv"
1320,"MALL","MALLARD","Waterfowl.csv"
1326,"MBDH","MALLARD X AMERICAN BLACK DUCK HYBRID","Waterfowl.csv"
1330,"ABDU","AMERICAN BLACK DUCK","Waterfowl.csv"
1331,"MEDU","MEXICAN DUCK","Waterfowl.csv"
1340,"MODU","MOTTLED DUCK","Waterfowl.csv"
1350,"GADW","GADWALL","Waterfowl.csv"
1360,"EUWI","EURASIAN WIGEON","Waterfowl.csv"
1370,"AMWI","AMERICAN WIGEON","Waterfowl.csv"
1390,"AGWT","AMERICAN GREEN-WINGED TEAL","Waterfowl.csv"
1400,"BWTE","BLUE-WINGED TEAL","Waterfowl.csv"
1410,"CITE","CINNAMON TEAL","Waterfowl.csv"
1420,"NSHO","NORTHERN SHOVELER","Waterfowl.csv"
1430,"NOPI","NORTHERN PINTAIL","Waterfowl.csv"
1440,"WODU","WOOD DUCK","Waterfowl.csv"
1460,"REDH","REDHEAD","Waterfowl.csv"
1470,"CANV","CANVASBACK","Waterfowl.csv"
1480,"GRSC","GREATER SCAUP","Waterfowl.csv"
1490,"LESC","LESSER SCAUP","Waterfowl.csv"
1500,"RNDU","RING-NECKED DUCK","Waterfowl.csv"
1510,"COGO","COMMON GOLDENEYE","Waterfowl.csv"
1520,"BAGO","BARROW'S GOLDENEYE","Waterfowl.csv"
1530,"BUFF","BUFFLEHEAD","Waterfowl.csv"
1540,"LTDU","LONG-TAILED DUCK","Waterfowl.csv"
1550,"HARD","HARLEQUIN DUCK","Waterfowl.csv"
1590,"COEI","COMMON EIDER","Waterfowl.csv"
1620,"KIEI","KING EIDER","Waterfowl.csv"
1630,"BLSC","BLACK SCOTER","Waterfowl.csv"
1650,"WWSC","WHITE-WINGED SCOTER","Waterfowl.csv"
1660,"SUSC","SURF SCOTER","Waterfowl.csv"
1670,"RUDU","RUDDY DUCK","Waterfowl.csv"
1690,"LSGO","LESSER SNOW GOOSE","Waterfowl.csv"
1700,"ROGO","ROSS'S GOOSE","Waterfowl.csv"
1710,"GWFG","GREATER WHITE-FRONTED GOOSE","Waterfowl.csv"
1720,"CAGO","CANADA GOOSE","Waterfowl.csv"
1740,"BLBR","BLACK BRANT","Waterfowl.csv"
1760,"EMGO","EMPEROR GOOSE","Waterfowl.csv"
1770,"BBWD","BLACK-BELLIED WHISTLING-DUCK","Waterfowl.csv"
1780,"FUWD","FULVOUS WHISTLING-DUCK","Waterfowl.csv"
1782,"MUSW","MUTE SWAN","Waterfowl.csv"
1800,"WHSW","WHISTLING SWAN","Waterfowl.csv"
1810,"TRUS","TRUMPETER SWAN","Waterfowl.csv"
1830,"ROSP","ROSEATE SPOONBILL","LoonIbis.csv"
1840,"WHIB","WHITE IBIS","LoonIbis.csv"
1860,"GLIB","GLOSSY IBIS","LoonIbis.csv"
1870,"WFIB","WHITE-FACED IBIS","LoonIbis.csv"
1880,"WOST","WOOD STORK","LoonIbis.csv"
1900,"AMBI","AMERICAN BITTERN","LoonIbis.csv"
1910,"LEBI","LEAST BITTERN","LoonIbis.csv"
1920,"GWHE","GREAT WHITE HERON","LoonIbis.csv"
1940,"GBHE","GREAT BLUE HERON","LoonIbis.csv"
1960,"GREG","GREAT EGRET","LoonIbis.csv"
1970,"SNEG","SNOWY EGRET","LoonIbis.csv"
1980,"REEG","REDDISH EGRET","LoonIbis.csv"
1990,"TRHE","TRICOLORED HERON","LoonIbis.csv"
2000,"LBHE","LITTLE BLUE HERON","LoonIbis.csv"
2001,"CAEG","CATTLE EGRET","LoonIbis.csv"
2010,"GRHE","GREEN HERON","LoonIbis.csv"
2020,"BCNH","BLACK-CROWNED NIGHT-HERON","LoonIbis.csv"
2030,"YCNH","YELLOW-CROWNED NIGHT-HERON","LoonIbis.csv"
2040,"WHCR","WHOOPING CRANE","RailCrane.csv"
2060,"SACR","SANDHILL CRANE","RailCrane.csv"
2070,"LIMP","LIMPKIN","RailCrane.csv"
2080,"KIRA","KING RAIL","RailCrane.csv"
2110,"CLRA","CLAPPER RAIL","RailCrane.csv"
2120,"VIRA","VIRGINIA RAIL","RailCrane.csv"
2140,"SORA","SORA","RailCrane.csv"
2150,"YERA","YELLOW RAIL","RailCrane.csv"
2160,"BLRA","BLACK RAIL","RailCrane.csv"
2180,"PUGA","PURPLE GALLINULE","RailCrane.csv"
2190,"COGA","COMMON GALLINULE","RailCrane.csv"
2210,"AMCO","AMERICAN COOT","RailCrane.csv"
2230,"RNPH","RED-NECKED PHALAROPE","Shorebird.csv"
2240,"WIPH","WILSON'S PHALAROPE","Shorebird.csv"
2250,"AMAV","AMERICAN AVOCET","Shorebird.csv"
2260,"BNST","BLACK-NECKED STILT","Shorebird.csv"
2280,"AMWO","AMERICAN WOODCOCK","Shorebird.csv"
2300,"WISN","WILSON'S SNIPE","Shorebird.csv"
2310,"SBDO","SHORT-BILLED DOWITCHER","Shorebird.csv"
2320,"LBDO","LONG-BILLED DOWITCHER","Shorebird.csv"
2330,"STSA","STILT SANDPIPER","Shorebird.csv"
2340,"REKN","RED KNOT","Shorebird.csv"
2350,"PUSA","PURPLE SANDPIPER","Shorebird.csv"
2390,"PESA","PECTORAL SANDPIPER","Shorebird.csv"
2410,"BASA","BAIRD'S SANDPIPER","Shorebird.csv"
2420,"LESA","LEAST SANDPIPER","Shorebird.csv"
2430,"DUNL","DUNLIN","Shorebird.csv"
2460,"SESA","SEMIPALMATED SANDPIPER","Shorebird.csv"
2470,"WESA","WESTERN SANDPIPER","Shorebird.csv"
2480,"SAND","SANDERLING","Shorebird.csv"
2490,"MAGO","MARBLED GODWIT","Shorebird.csv"
2500,"BARG","BAR-TAILED GODWIT","Shorebird.csv"
2510,"HUGO","HUDSONIAN GODWIT","Shorebird.csv"
2540,"GRYE","GREATER YELLOWLEGS","Shorebird.csv"
2550,"LEYE","LESSER YELLOWLEGS","Shorebird.csv"
2560,"SOSA","SOLITARY SANDPIPER","Shorebird.csv"
2580,"WILL","WILLET","Shorebird.csv"
2590,"WATA","WANDERING TATTLER","Shorebird.csv"
2610,"UPSA","UPLAND SANDPIPER","Shorebird.csv"
2630,"SPSA","SPOTTED SANDPIPER","Shorebird.csv"
2640,"LBCU","LONG-BILLED CURLEW","Shorebird.csv"
2650,"WHIM","WHIMBREL","Shorebird.csv"
2680,"BTCU","BRISTLE-THIGHED CURLEW","Shorebird.csv"
2700,"BBPL","BLACK-BELLIED PLOVER","Shorebird.csv"
2720,"AMGP","AMERICAN GOLDEN-PLOVER","Shorebird.csv"
2721,"PAGP","PACIFIC GOLDEN-PLOVER","Shorebird.csv"
2730,"KILL","KILLDEER","Shorebird.csv"
2740,"SEPL","SEMIPALMATED PLOVER","Shorebird.csv"
2750,"CRPL","COMMON RINGED PLOVER","Shorebird.csv"
2770,"PIPL","PIPING PLOVER","Shorebird.csv"
2780,"SNPL","SNOWY PLOVER","Shorebird.csv"
2800,"WIPL","WILSON'S PLOVER","Shorebird.csv"
2810,"MOPL","MOUNTAIN PLOVER","Shorebird.csv"
2820,"SURF","SURFBIRD","Shorebird.csv"
2830,"RUTU","RUDDY TURNSTONE","Shorebird.csv"
2840,"BLTU","BLACK TURNSTONE","Shorebird.csv"
2860,"AMOY","AMERICAN OYSTERCATCHER","Shorebird.csv"
2870,"BLOY","BLACK OYSTERCATCHER","Shorebird.csv"
3120,"BTPI","BAND-TAILED PIGEON","DoveCucko.csv"
3130,"RBPI","RED-BILLED PIGEON","DoveCucko.csv"
3140,"WCPI","WHITE-CROWNED PIGEON","DoveCucko.csv"
3151,"SPDO","SPOTTED DOVE","DoveCucko.csv"
3152,"AFCD","AFRICAN COLLARED-DOVE","DoveCucko.csv"
3160,"MODO","MOURNING DOVE","DoveCucko.csv"
3180,"WTDO","WHITE-TIPPED DOVE","DoveCucko.csv"
3190,"WWDO","WHITE-WINGED DOVE","DoveCucko.csv"
3200,"COGD","COMMON GROUND-DOVE","DoveCucko.csv"
3201,"RUGD","RUDDY GROUND-DOVE","DoveCucko.csv"
3210,"INDO","INCA DOVE","DoveCucko.csv"
3240,"CALC","CALIFORNIA CONDOR","VultFalc.csv"
3250,"TUVU","TURKEY VULTURE","VultFalc.csv"
3260,"BLVU","BLACK VULTURE","VultFalc.csv"
3270,"STKI","SWALLOW-TAILED KITE","VultFalc.csv"
3271,"HBKI","HOOK-BILLED KITE","VultFalc.csv"
3280,"WTKI","WHITE-TAILED KITE","VultFalc.csv"
3290,"MIKI","MISSISSIPPI KITE","VultFalc.csv"
3300,"SNKI","SNAIL KITE","VultFalc.csv"
3310,"NOHA","NORTHERN HARRIER","VultFalc.csv"
3320,"SSHA","SHARP-SHINNED HAWK","VultFalc.csv"
3330,"COHA","COOPER'S HAWK","VultFalc.csv"
3340,"NOGO","NORTHERN GOSHAWK","VultFalc.csv"
3350,"HRSH","HARRIS'S HAWK","VultFalc.csv"
3370,"RTHA","RED-TAILED HAWK","VultFalc.csv"
3380,"HRLH","HARLAN'S HAWK","VultFalc.csv"
3390,"RSHA","RED-SHOULDERED HAWK","VultFalc.csv"
3400,"ZTHA","ZONE-TAILED HAWK","VultFalc.csv"
3410,"WTHA","WHITE-TAILED HAWK","VultFalc.csv"
3420,"SWHA","SWAINSON'S HAWK","VultFalc.csv"
3430,"BWHA","BROAD-WINGED HAWK","VultFalc.csv"
3440,"STHA","SHORT-TAILED HAWK","VultFalc.csv"
3450,"COBH","COMMON BLACK-HAWK","VultFalc.csv"
3460,"GRHA","GRAY HAWK","VultFalc.csv"
3470,"RLHA","ROUGH-LEGGED HAWK","VultFalc.csv"
3480,"FEHA","FERRUGINOUS HAWK","VultFalc.csv"
3490,"GOEA","GOLDEN EAGLE","VultFalc.csv"
3520,"BAEA","BALD EAGLE","VultFalc.csv"
3540,"GYRF","GYRFALCON","VultFalc.csv"
3550,"PRFA","PRAIRIE FALCON","VultFalc.csv"
3560,"PEFA","PEREGRINE FALCON","VultFalc.csv"
3570,"MERL","MERLIN","VultFalc.csv"
3590,"APFA","APLOMADO FALCON","VultFalc.csv"
3600,"AMKE","AMERICAN KESTREL","VultFalc.csv"
3620,"CRCA","CRESTED CARACARA","VultFalc.csv"
3640,"OSPR","OSPREY","VultFalc.csv"
3650,"BNOW","BARN-OWL","OwlNightj.csv"
3660,"LEOW","LONG-EARED OWL","OwlNightj.csv"
3670,"SEOW","SHORT-EARED OWL","OwlNightj.csv"
3680,"BDOW","BARRED OWL","OwlNightj.csv"
3690,"SPOW","SPOTTED OWL","OwlNightj.csv"
3700,"GGOW","GREAT GRAY OWL","OwlNightj.csv"
3710,"BOOW","BOREAL OWL","OwlNightj.csv"
3720,"NSWO","NORTHERN SAW-WHET OWL","OwlNightj.csv"
3730,"EASO","EASTERN SCREECH-OWL","OwlNightj.csv"
3731,"WHSO","WHISKERED SCREECH-OWL","OwlNightj.csv"
3732,"WESO","WESTERN SCREECH-OWL","OwlNightj.csv"
3740,"FLOW","FLAMMULATED OWL","OwlNightj.csv"
3750,"GHOW","GREAT HORNED OWL","OwlNightj.csv"
3760,"SNOW","SNOWY OWL","OwlNightj.csv"
3770,"NHOW","NORTHERN HAWK OWL","OwlNightj.csv"
3780,"BUOW","BURROWING OWL","OwlNightj.csv"
3790,"NOPO","NORTHERN PYGMY-OWL","OwlNightj.csv"
3800,"FEPO","FERRUGINOUS PYGMY-OWL","OwlNightj.csv"
3810,"ELOW","ELF OWL","OwlNightj.csv"
3824,"MOPA","MONK PARAKEET","DoveCucko.csv"
3826,"RCPA","RED-CROWNED PARROT","DoveCucko.csv"
3827,"HPRT","HISPANIOLAN PARROT","DoveCucko.csv"
3830,"SBAN","SMOOTH-BILLED ANI","DoveCucko.csv"
3840,"GBAN","GROOVE-BILLED ANI","DoveCucko.csv"
3850,"GRRO","GREATER ROADRUNNER","DoveCucko.csv"
3860,"MACU","MANGROVE CUCKOO","DoveCucko.csv"
3870,"YBCU","YELLOW-BILLED CUCKOO","DoveCucko.csv"
3880,"BBCU","BLACK-BILLED CUCKOO","DoveCucko.csv"
3890,"ELTR","ELEGANT TROGON","TrogWoodp.csv"
3900,"BEKI","BELTED KINGFISHER","TrogWoodp.csv"
3901,"RIKI","RINGED KINGFISHER","TrogWoodp.csv"
3910,"GKIN","GREEN KINGFISHER","TrogWoodp.csv"
3920,"IBWO","IVORY-BILLED WOODPECKER","TrogWoodp.csv"
3930,"HAWO","HAIRY WOODPECKER","TrogWoodp.csv"
3940,"DOWO","DOWNY WOODPECKER","TrogWoodp.csv"
3950,"RCWO","RED-COCKADED WOODPECKER","TrogWoodp.csv"
3960,"LBWO","LADDER-BACKED WOODPECKER","TrogWoodp.csv"
3970,"NUWO","NUTTALL'S WOODPECKER","TrogWoodp.csv"
3990,"WHWO","WHITE-HEADED WOODPECKER","TrogWoodp.csv"
4000,"BBWO","BLACK-BACKED WOODPECKER","TrogWoodp.csv"
4010,"ATTW","AMERICAN THREE-TOED WOODPECKER","TrogWoodp.csv"
4020,"YBSA","YELLOW-BELLIED SAPSUCKER","TrogWoodp.csv"
4021,"RNSA","RED-NAPED SAPSUCKER","TrogWoodp.csv"
4030,"RBSA","RED-BREASTED SAPSUCKER","TrogWoodp.csv"
4040,"WISA","WILLIAMSON'S SAPSUCKER","TrogWoodp.csv"
4050,"PIWO","PILEATED WOODPECKER","TrogWoodp.csv"
4060,"RHWO","RED-HEADED WOODPECKER","TrogWoodp.csv"
4070,"ACWO","ACORN WOODPECKER","TrogWoodp.csv"
4080,"LEWO","LEWIS'S WOODPECKER","TrogWoodp.csv"
4090,"RBWO","RED-BELLIED WOODPECKER","TrogWoodp.csv"
4100,"GFWO","GOLDEN-FRONTED WOODPECKER","TrogWoodp.csv"
4110,"GIWO","GILA WOODPECKER","TrogWoodp.csv"
4120,"YSFL","YELLOW-SHAFTED FLICKER","TrogWoodp.csv"
4123,"FLIN","FLICKER INTERGRADE","TrogWoodp.csv"
4130,"RSFL","RED-SHAFTED FLICKER","TrogWoodp.csv"
4140,"GIFL","GILDED FLICKER","TrogWoodp.csv"
4160,"CWWI","CHUCK-WILL'S-WIDOW","OwlNightj.csv"
4171,"PRNI","PUERTO RICAN NIGHTJAR","OwlNightj.csv"
4172,"MWPW","MEXICAN WHIP-POOR-WILL","OwlNightj.csv"
4180,"COPO","COMMON POOR-WILL","OwlNightj.csv"
4190,"COPA","COMMON PAURAQUE","OwlNightj.csv"
4200,"CONI","COMMON NIGHTHAWK","OwlNightj.csv"
4201,"ANNI","ANTILLEAN NIGHTHAWK","OwlNightj.csv"
4210,"LENI","LESSER NIGHTHAWK","OwlNightj.csv"
4220,"BLSW","BLACK SWIFT","SwiftHumm.csv"
4230,"CHSW","CHIMNEY SWIFT","SwiftHumm.csv"
4240,"VASW","VAUX'S SWIFT","SwiftHumm.csv"
4250,"WTSW","WHITE-THROATED SWIFT","SwiftHumm.csv"
4260,"MAHU","MAGNIFICENT HUMMINGBIRD","SwiftHumm.csv"
4270,"BLUH","BLUE-THROATED HUMMINGBIRD","SwiftHumm.csv"
4280,"RTHU","RUBY-THROATED HUMMINGBIRD","SwiftHumm.csv"
4290,"BCHU","BLACK-CHINNED HUMMINGBIRD","SwiftHumm.csv"
4300,"COHU","COSTA'S HUMMINGBIRD","SwiftHumm.csv"
4310,"ANHU","ANNA'S HUMMINGBIRD","SwiftHumm.csv"
4320,"BTLH","BROAD-TAILED HUMMINGBIRD","SwiftHumm.csv"
4330,"RUHU","RUFOUS HUMMINGBIRD","SwiftHumm.csv"
4340,"ALHU","ALLEN'S HUMMINGBIRD","SwiftHumm.csv"
4360,"CAHU","CALLIOPE HUMMINGBIRD","SwiftHumm.csv"
4370,"LUHU","LUCIFER HUMMINGBIRD","SwiftHumm.csv"
4390,"BUFH","BUFF-BELLIED HUMMINGBIRD","SwiftHumm.csv"
4391,"VCHU","VIOLET-CROWNED HUMMINGBIRD","SwiftHumm.csv"
4402,"PREM","PUERTO RICAN EMERALD","SwiftHumm.csv"
4410,"BBLH","BROAD-BILLED HUMMINGBIRD","SwiftHumm.csv"
4430,"STFL","SCISSOR-TAILED FLYCATCHER","NWFlycatc.csv"
4440,"EAKI","EASTERN KINGBIRD","NWFlycatc.csv"
4450,"GRAK","GRAY KINGBIRD","NWFlycatc.csv"
4451,"TBKI","THICK-BILLED KINGBIRD","NWFlycatc.csv"
4460,"TRKI","TROPICAL KINGBIRD","NWFlycatc.csv"
4461,"COKI","COUCH'S KINGBIRD","NWFlycatc.csv"
4470,"WEKI","WESTERN KINGBIRD","NWFlycatc.csv"
4480,"CAKI","CASSIN'S KINGBIRD","NWFlycatc.csv"
4490,"GKIS","GREAT KISKADEE","NWFlycatc.csv"
4510,"SBFL","SULPHUR-BELLIED FLYCATCHER","NWFlycatc.csv"
4520,"GCFL","GREAT-CRESTED FLYCATCHER","NWFlycatc.csv"
4530,"BCFL","BROWN-CRESTED FLYCATCHER","NWFlycatc.csv"
4540,"ATFL","ASH-THROATED FLYCATCHER","NWFlycatc.csv"
4550,"DCFL","DUSKY-CAPPED FLYCATCHER","NWFlycatc.csv"
4560,"EAPH","EASTERN PHOEBE","NWFlycatc.csv"
4570,"SAPH","SAY'S PHOEBE","NWFlycatc.csv"
4580,"BLPH","BLACK PHOEBE","NWFlycatc.csv"
4590,"OSFL","OLIVE-SIDED FLYCATCHER","NWFlycatc.csv"
4600,"GRPE","GREATER PEWEE","NWFlycatc.csv"
4610,"EAWP","EASTERN WOOD-PEWEE","NWFlycatc.csv"
4620,"WEWP","WESTERN WOOD-PEWEE","NWFlycatc.csv"
4630,"YBFL","YELLOW-BELLIED FLYCATCHER","NWFlycatc.csv"
4640,"COFL","CORDILLERAN FLYCATCHER","NWFlycatc.csv"
4641,"PSFL","PACIFIC SLOPE FLYCATCHER","NWFlycatc.csv"
4650,"ACFL","ACADIAN FLYCATCHER","NWFlycatc.csv"
4660,"WIFL","WILLOW FLYCATCHER","NWFlycatc.csv"
4661,"ALFL","ALDER FLYCATCHER","NWFlycatc.csv"
4670,"LEFL","LEAST FLYCATCHER","NWFlycatc.csv"
4679,"UNEM","UNIDENTIFIED EMPIDONAX","NWFlycatc.csv"
4680,"HAFL","HAMMOND'S FLYCATCHER","NWFlycatc.csv"
4690,"DUFL","DUSKY FLYCATCHER","NWFlycatc.csv"
4691,"GRFL","GRAY FLYCATCHER","NWFlycatc.csv"
4700,"BBFL","BUFF-BREASTED FLYCATCHER","NWFlycatc.csv"
4710,"VEFL","VERMILION FLYCATCHER","NWFlycatc.csv"
4720,"NBTY","NORTHERN BEARDLESS TYRANNULET","NWFlycatc.csv"
4730,"SKLA","SKY LARK","LarkWren.csv"
4740,"HOLA","HORNED LARK","LarkWren.csv"
4750,"BBMA","BLACK-BILLED MAGPIE","ShrikeCorv.csv"
4760,"YBMA","YELLOW-BILLED MAGPIE","ShrikeCorv.csv"
4770,"BLJA","BLUE JAY","ShrikeCorv.csv"
4780,"STJA","STELLER'S JAY","ShrikeCorv.csv"
4790,"FLSJ","FLORIDA SCRUB-JAY","ShrikeCorv.csv"
4810,"WESJ","WESTERN SCRUB JAY","ShrikeCorv.csv"
4811,"ISSJ","ISLAND SCRUB-JAY","ShrikeCorv.csv"
4820,"MEJA","MEXICAN JAY","ShrikeCorv.csv"
4830,"GREJ","GREEN JAY","ShrikeCorv.csv"
4840,"GRAJ","GRAY JAY","ShrikeCorv.csv"
4860,"CORA","COMMON RAVEN","ShrikeCorv.csv"
4870,"CHRA","CHIHUAHUAN RAVEN","ShrikeCorv.csv"
4880,"AMCR","AMERICAN CROW","ShrikeCorv.csv"
4890,"NOCR","NORTHWESTERN CROW","ShrikeCorv.csv"
4900,"FICR","FISH CROW","ShrikeCorv.csv"
4910,"CLNU","CLARK'S NUTCRACKER","ShrikeCorv.csv"
4920,"PIJA","PINYON JAY","ShrikeCorv.csv"
4930,"EUST","EUROPEAN STARLING","GnatLongs.csv"
4931,"CRMY","CRESTED MYNA","GnatLongs.csv"
4932,"COMY","COMMON MYNA","GnatLongs.csv"
4940,"BOBO","BOBOLINK","CardBlack.csv"
4950,"BHCO","BROWN-HEADED COWBIRD","CardBlack.csv"
4960,"BROC","BRONZED COWBIRD","CardBlack.csv"
4961,"SHCO","SHINY COWBIRD","CardBlack.csv"
4970,"YHBL","YELLOW-HEADED BLACKBIRD","CardBlack.csv"
4980,"RWBL","RED-WINGED BLACKBIRD","CardBlack.csv"
5000,"TRBL","TRICOLORED BLACKBIRD","CardBlack.csv"
5010,"EAME","EASTERN MEADOWLARK","CardBlack.csv"
5011,"WEME","WESTERN MEADOWLARK","CardBlack.csv"
5030,"AUOR","AUDUBON'S ORIOLE","CardBlack.csv"
5031,"ALOR","ALTAMIRA ORIOLE","CardBlack.csv"
5032,"SPOO","SPOTTED-BREASTED ORIOLE","CardBlack.csv"
5040,"SCOR","SCOTT'S ORIOLE","CardBlack.csv"
5050,"HOOR","HOODED ORIOLE","CardBlack.csv"
5060,"OROR","ORCHARD ORIOLE","CardBlack.csv"
5070,"BAOR","BALTIMORE ORIOLE","CardBlack.csv"
5080,"BUOR","BULLOCK'S ORIOLE","CardBlack.csv"
5090,"RUBL","RUSTY BLACKBIRD","CardBlack.csv"
5100,"BRBL","BREWER'S BLACKBIRD","CardBlack.csv"
5110,"COGR","COMMON GRACKLE","CardBlack.csv"
5120,"GTGR","GREAT-TAILED GRACKLE","CardBlack.csv"
5130,"BTGR","BOAT-TAILED GRACKLE","CardBlack.csv"
5140,"EVGR","EVENING GROSBEAK","Finches.csv"
5150,"PIGR","PINE GROSBEAK","Finches.csv"
5170,"PUFI","PURPLE FINCH","Finches.csv"
5180,"CAFI","CASSIN'S FINCH","Finches.csv"
5190,"HOFI","HOUSE FINCH","Finches.csv"
5210,"RECR","RED CROSSBILL","Finches.csv"
5220,"WWCR","WHITE-WINGED CROSSBILL","Finches.csv"
5240,"GCRF","GRAY-CROWNED ROSY FINCH","Finches.csv"
5250,"BLRF","BLACK ROSY-FINCH","Finches.csv"
5260,"BCRF","BROWN-CAPPED ROSY FINCH","Finches.csv"
5270,"HORE","HOARY REDPOLL","Finches.csv"
5280,"CORE","COMMON REDPOLL","Finches.csv"
5290,"AMGO","AMERICAN GOLDFINCH","Finches.csv"
5300,"LEGO","LESSER GOLDFINCH","Finches.csv"
5310,"LAGO","LAWRENCE'S GOLDFINCH","Finches.csv"
5330,"PISI","PINE SISKIN","Finches.csv"
5340,"SNBU","SNOW BUNTING","GnatLongs.csv"
5360,"LALO","LAPLAND LONGSPUR","GnatLongs.csv"
5370,"SMLO","SMITH'S LONGSPUR","GnatLongs.csv"
5380,"CCLO","CHESTNUT-COLLARED LONGSPUR","GnatLongs.csv"
5390,"MCLO","MC COWN'S LONGSPUR","GnatLongs.csv"
5400,"VESP","VESPER SPARROW","NWSparrow.csv"
5420,"SAVS","SAVANNAH SPARROW","NWSparrow.csv"
5450,"BAIS","BAIRD'S SPARROW","NWSparrow.csv"
5460,"GRSP","GRASSHOPPER SPARROW","NWSparrow.csv"
5470,"HESP","HENSLOW'S SPARROW","NWSparrow.csv"
5480,"LCSP","LE CONTE'S SPARROW","NWSparrow.csv"
5490,"SALS","SALTMARSH SPARROW","NWSparrow.csv"
5491,"NESP","NELSON'S SPARROW","NWSparrow.csv"
5500,"SESP","SEASIDE SPARROW","NWSparrow.csv"
5520,"LASP","LARK SPARROW","NWSparrow.csv"
5530,"HASP","HARRIS'S SPARROW","NWSparrow.csv"
5540,"WCSP","WHITE-CROWNED SPARROW","NWSparrow.csv"
5570,"GCSP","GOLDEN-CROWNED SPARROW","NWSparrow.csv"
5580,"WTSP","WHITE-THROATED SPARROW","NWSparrow.csv"
5590,"ATSP","AMERICAN TREE SPARROW","NWSparrow.csv"
5600,"CHSP","CHIPPING SPARROW","NWSparrow.csv"
5610,"CCSP","CLAY-COLORED SPARROW","NWSparrow.csv"
5620,"BRSP","BREWER'S SPARROW","NWSparrow.csv"
5630,"FISP","FIELD SPARROW","NWSparrow.csv"
5650,"BCSP","BLACK-CHINNED SPARROW","NWSparrow.csv"
5660,"WWJU","WHITE-WINGED JUNCO","NWSparrow.csv"
5670,"SCJU","SLATE-COLORED JUNCO","NWSparrow.csv"
5671,"ORJU","OREGON JUNCO","NWSparrow.csv"
5677,"UDEJ","UNIDENTIFIED DARK-EYED JUNCO","NWSparrow.csv"
5690,"GHJU","GRAY-HEADED JUNCO","NWSparrow.csv"
5700,"YEJU","YELLOW-EYED JUNCO","NWSparrow.csv"
5730,"BTSP","BLACK-THROATED SPARROW","NWSparrow.csv"
5740,"SAGS","SAGE SPARROW","NWSparrow.csv"
5750,"BACS","BACHMAN'S SPARROW","NWSparrow.csv"
5760,"BOSP","BOTTERI'S SPARROW","NWSparrow.csv"
5780,"CASP","CASSIN'S SPARROW","NWSparrow.csv"
5790,"RWSP","RUFOUS-WINGED SPARROW","NWSparrow.csv"
5800,"RCSP","RUFOUS-CROWNED SPARROW","NWSparrow.csv"
5810,"SOSP","SONG SPARROW","NWSparrow.csv"
5830,"LISP","LINCOLN'S SPARROW","NWSparrow.csv"
5840,"SWSP","SWAMP SPARROW","NWSparrow.csv"
5850,"FOSP","FOX SPARROW","NWSparrow.csv"
5860,"OLSP","OLIVE SPARROW","NWSparrow.csv"
5870,"EATO","EASTERN TOWHEE","NWSparrow.csv"
5880,"SPTO","SPOTTED TOWHEE","NWSparrow.csv"
5900,"GTTO","GREEN-TAILED TOWHEE","NWSparrow.csv"
5910,"CANT","CANYON TOWHEE","NWSparrow.csv"
5911,"CALT","CALIFORNIA TOWHEE","NWSparrow.csv"
5920,"ABTO","ABERT'S TOWHEE","NWSparrow.csv"
5930,"NOCA","NORTHERN CARDINAL","CardBlack.csv"
5940,"PYRR","PYRRHULOXIA","CardBlack.csv"
5950,"RBGR","ROSE-BREASTED GROSBEAK","CardBlack.csv"
5960,"BHGR","BLACK-HEADED GROSBEAK","CardBlack.csv"
5970,"BLGR","BLUE GROSBEAK","CardBlack.csv"
5980,"INBU","INDIGO BUNTING","CardBlack.csv"
5986,"ILBH","INDIGO X LAZULI BUNTING HYBRID","CardBlack.csv"
5990,"LAZB","LAZULI BUNTING","CardBlack.csv"
6000,"VABU","VARIED BUNTING","CardBlack.csv"
6010,"PABU","PAINTED BUNTING","CardBlack.csv"
6040,"DICK","DICKCISSEL","CardBlack.csv"
6050,"LARB","LARK BUNTING","NWSparrow.csv"
6070,"WETA","WESTERN TANAGER","CardBlack.csv"
6080,"SCTA","SCARLET TANAGER","CardBlack.csv"
6090,"HETA","HEPATIC TANAGER","CardBlack.csv"
6100,"SUTA","SUMMER TANAGER","CardBlack.csv"
6110,"PUMA","PURPLE MARTIN","LarkWren.csv"
6120,"CLSW","CLIFF SWALLOW","LarkWren.csv"
6121,"CASW","CAVE SWALLOW","LarkWren.csv"
6130,"BARS","BARN SWALLOW","LarkWren.csv"
6140,"TRES","TREE SWALLOW","LarkWren.csv"
6150,"VGSW","VIOLET-GREEN SWALLOW","LarkWren.csv"
6160,"BANS","BANK SWALLOW","LarkWren.csv"
6170,"NRWS","NORTHERN ROUGH-WINGED SWALLOW","LarkWren.csv"
6180,"BOWA","BOHEMIAN WAXWING","GnatLongs.csv"
6190,"CEDW","CEDAR WAXWING","GnatLongs.csv"
6200,"PHAI","PHAINOPEPLA","GnatLongs.csv"
6210,"NSHR","NORTHERN SHRIKE","ShrikeCorv.csv"
6220,"LOSH","LOGGERHEAD SHRIKE","ShrikeCorv.csv"
6230,"BWVI","BLACK-WHISKERED VIREO","ShrikeCorv.csv"
6240,"REVI","RED-EYED VIREO","ShrikeCorv.csv"
6260,"PHVI","PHILADELPHIA VIREO","ShrikeCorv.csv"
6270,"WAVI","WARBLING VIREO","ShrikeCorv.csv"
6280,"YTVI","YELLOW-THROATED VIREO","ShrikeCorv.csv"
6290,"BHVI","BLUE-HEADED VIREO","ShrikeCorv.csv"
6291,"PLVI","PLUMBEOUS VIREO","ShrikeCorv.csv"
6292,"CAVI","CASSIN'S VIREO","ShrikeCorv.csv"
6300,"BCVI","BLACK-CAPPED VIREO","ShrikeCorv.csv"
6310,"WEVI","WHITE-EYED VIREO","ShrikeCorv.csv"
6320,"HUVI","HUTTON'S VIREO","ShrikeCorv.csv"
6330,"BEVI","BELL'S VIREO","ShrikeCorv.csv"
6340,"GRVI","GRAY VIREO","ShrikeCorv.csv"
6360,"BAWW","BLACK-AND-WHITE WARBLER","NWWarbler.csv"
6370,"PROW","PROTHONOTARY WARBLER","NWWarbler.csv"
6380,"SWWA","SWAINSON'S WARBLER","NWWarbler.csv"
6390,"WEWA","WORM-EATING WARBLER","NWWarbler.csv"
6410,"BWWA","BLUE-WINGED WARBLER","NWWarbler.csv"
6412,"BRWA","BREWSTER'S WARBLER","NWWarbler.csv"
6413,"LAWA","LAWRENCE'S WARBLER","NWWarbler.csv"
6420,"GWWA","GOLDEN-WINGED WARBLER","NWWarbler.csv"
6430,"LUWA","LUCY'S WARBLER","NWWarbler.csv"
6440,"VIWA","VIRGINIA'S WARBLER","NWWarbler.csv"
6450,"NAWA","NASHVILLE WARBLER","NWWarbler.csv"
6460,"OCWA","ORANGE-CROWNED WARBLER","NWWarbler.csv"
6470,"TEWA","TENNESSEE WARBLER","NWWarbler.csv"
6480,"NOPA","NORTHERN PARULA","NWWarbler.csv"
6490,"TRPA","TROPICAL PARULA","NWWarbler.csv"
6500,"CMWA","CAPE MAY WARBLER","NWWarbler.csv"
6510,"OLWA","OLIVE WARBLER","GnatLongs.csv"
6520,"YEWA","YELLOW WARBLER","NWWarbler.csv"
6540,"BTBW","BLACK-THROATED BLUE WARBLER","NWWarbler.csv"
6550,"MYWA","MYRTLE WARBLER","NWWarbler.csv"
6556,"UYRW","UNKNOWN YELLOW-RUMPED WARBLER","NWWarbler.csv"
6560,"AUWA","AUDUBON'S WARBLER","NWWarbler.csv"
6570,"MAWA","MAGNOLIA WARBLER","NWWarbler.csv"
6580,"CERW","CERULEAN WARBLER","NWWarbler.csv"
6590,"CSWA","CHESTNUT-SIDED WARBLER","NWWarbler.csv"
6600,"BBWA","BAY-BREASTED WARBLER","NWWarbler.csv"
6610,"BLPW","BLACKPOLL WARBLER","NWWarbler.csv"
6620,"BLBW","BLACKBURNIAN WARBLER","NWWarbler.csv"
6630,"YTWA","YELLOW-THROATED WARBLER","NWWarbler.csv"
6640,"GRWA","GRACE'S WARBLER","NWWarbler.csv"
6650,"BTYW","BLACK-THROATED GRAY WARBLER","NWWarbler.csv"
6660,"GCWA","GOLDEN-CHEEKED WARBLER","NWWarbler.csv"
6670,"BTNW","BLACK-THROATED GREEN WARBLER","NWWarbler.csv"
6680,"TOWA","TOWNSEND'S WARBLER","NWWarbler.csv"
6690,"HEWA","HERMIT WARBLER","NWWarbler.csv"
6700,"KIWA","KIRTLAND'S WARBLER","NWWarbler.csv"
6710,"PIWA","PINE WARBLER","NWWarbler.csv"
6720,"WPWA","WESTERN PALM WARBLER","NWWarbler.csv"
6730,"PRAW","PRAIRIE WARBLER","NWWarbler.csv"
6740,"OVEN","OVENBIRD","NWWarbler.csv"
6750,"NOWA","NORTHERN WATERTHRUSH","NWWarbler.csv"
6760,"LOWA","LOUISIANA WATERTHRUSH","NWWarbler.csv"
6770,"KEWA","KENTUCKY WARBLER","NWWarbler.csv"
6780,"CONW","CONNECTICUT WARBLER","NWWarbler.csv"
6790,"MOWA","MOURNING WARBLER","NWWarbler.csv"
6800,"MGWA","MACGILLIVRAY'S WARBLER","NWWarbler.csv"
6810,"COYE","COMMON YELLOWTHROAT","NWWarbler.csv"
6830,"YBCH","YELLOW-BREASTED CHAT","NWWarbler.csv"
6840,"HOWA","HOODED WARBLER","NWWarbler.csv"
6850,"WIWA","WILSON'S WARBLER","NWWarbler.csv"
6860,"CAWA","CANADA WARBLER","NWWarbler.csv"
6870,"AMRE","AMERICAN REDSTART","NWWarbler.csv"
6880,"PARE","PAINTED REDSTART","NWWarbler.csv"
6882,"HOSP","HOUSE SPARROW","Finches.csv"
6883,"ETSP","EUROPEAN TREE SPARROW","Finches.csv"
6900,"RFWA","RED-FACED WARBLER","NWWarbler.csv"
6940,"WHWA","WHITE WAGTAIL","GnatLongs.csv"
6960,"EYWA","EASTERN YELLOW WAGTAIL","GnatLongs.csv"
6970,"AMPI","AMERICAN PIPIT","GnatLongs.csv"
6990,"RTPI","RED-THROATED PIPIT","GnatLongs.csv"
7000,"SPPI","SPRAGUE'S PIPIT","GnatLongs.csv"
7010,"AMDI","AMERICAN DIPPER","GnatLongs.csv"
7020,"SATH","SAGE THRASHER","GnatLongs.csv"
7030,"NOMO","NORTHERN MOCKINGBIRD","GnatLongs.csv"
7031,"BAMO","BAHAMA MOCKINGBIRD","GnatLongs.csv"
7040,"GRCA","GRAY CATBIRD","GnatLongs.csv"
7050,"BRTH","BROWN THRASHER","GnatLongs.csv"
7060,"LBTH","LONG-BILLED THRASHER","GnatLongs.csv"
7070,"CBTH","CURVE-BILLED THRASHER","GnatLongs.csv"
7080,"BETH","BENDIRE'S THRASHER","GnatLongs.csv"
7100,"CATH","CALIFORNIA THRASHER","GnatLongs.csv"
7110,"LCTH","LE CONTE'S THRASHER","GnatLongs.csv"
7120,"CRTH","CRISSAL THRASHER","GnatLongs.csv"
7130,"CACW","CACTUS WREN","LarkWren.csv"
7150,"ROWR","ROCK WREN","LarkWren.csv"
7170,"CANW","CANYON WREN","LarkWren.csv"
7180,"CARW","CAROLINA WREN","LarkWren.csv"
7190,"BEWR","BEWICK'S WREN","LarkWren.csv"
7210,"HOWR","HOUSE WREN","LarkWren.csv"
7220,"WIWR","WINTER WREN","LarkWren.csv"
7221,"PAWR","PACIFIC WREN","LarkWren.csv"
7240,"SEWR","SEDGE WREN","LarkWren.csv"
7250,"MAWR","MARSH WREN","LarkWren.csv"
7260,"BRCR","BROWN CREEPER","LarkWren.csv"
7270,"WBNU","WHITE-BREASTED NUTHATCH","LarkWren.csv"
7280,"RBNU","RED-BREASTED NUTHATCH","LarkWren.csv"
7290,"BHNU","BROWN-HEADED NUTHATCH","LarkWren.csv"
7300,"PYNU","PYGMY NUTHATCH","LarkWren.csv"
7310,"TUTI","TUFTED TITMOUSE","LarkWren.csv"
7320,"BCTI","BLACK-CRESTED TITMOUSE","LarkWren.csv"
7330,"OATI","OAK TITMOUSE","LarkWren.csv"
7331,"JUTI","JUNIPER TITMOUSE","LarkWren.csv"
7340,"BRTI","BRIDLED TITMOUSE","LarkWren.csv"
7350,"BCCH","BLACK-CAPPED CHICKADEE","LarkWren.csv"
7360,"CACH","CAROLINA CHICKADEE","LarkWren.csv"
7370,"MECH","MEXICAN CHICKADEE","LarkWren.csv"
7380,"MOCH","MOUNTAIN CHICKADEE","LarkWren.csv"
7400,"BOCH","BOREAL CHICKADEE","LarkWren.csv"
7410,"CBCH","CHESTNUT-BACKED CHICKADEE","LarkWren.csv"
7420,"WREN","WRENTIT","GnatLongs.csv"
7430,"BUSH","BUSHTIT","LarkWren.csv"
7460,"VERD","VERDIN","LarkWren.csv"
7470,"ARWA","ARCTIC WARBLER","GnatLongs.csv"
7480,"GCKI","GOLDEN-CROWNED KINGLET","GnatLongs.csv"
7490,"RCKI","RUBY-CROWNED KINGLET","GnatLongs.csv"
7510,"BGGN","BLUE-GRAY GNATCATCHER","GnatLongs.csv"
7520,"BTGN","BLACK-TAILED GNATCATCHER","GnatLongs.csv"
7530,"CAGN","CALIFORNIA GNATCATCHER","GnatLongs.csv"
7540,"TOSO","TOWNSEND'S SOLITAIRE","GnatLongs.csv"
7550,"WOTH","WOOD THRUSH","GnatLongs.csv"
7560,"VEER","VEERY","GnatLongs.csv"
7570,"GCTH","GRAY-CHEEKED THRUSH","GnatLongs.csv"
7571,"BITH","BICKNELL'S THRUSH","GnatLongs.csv"
7580,"SWTH","SWAINSON'S THRUSH","GnatLongs.csv"
7590,"HETH","HERMIT THRUSH","GnatLongs.csv"
7610,"AMRO","AMERICAN ROBIN","GnatLongs.csv"
7630,"VATH","VARIED THRUSH","GnatLongs.csv"
7640,"BLUE","BLUETHROAT","GnatLongs.csv"
7650,"NOWH","NORTHERN WHEATEAR","GnatLongs.csv"
7660,"EABL","EASTERN BLUEBIRD","GnatLongs.csv"
7670,"WEBL","WESTERN BLUEBIRD","GnatLongs.csv"
7680,"MOBL","MOUNTAIN BLUEBIRD","GnatLongs.csv"
300,"RUGR","RUFFED GROUSE","GullAlcid.csv"
